{"currentPoints":470.1995544433594,"currentTPS":1.0,"currentSPS":4.3000006675720219}