{"currentPoints":1836.49755859375,"currentTPS":1.0,"currentSPS":17.60000228881836}