{"currentPoints":141098.234375,"currentTPS":1.0,"currentSPS":302.4000244140625}