{"currentPoints":83.599609375,"currentTPS":1.0,"currentSPS":0.10000000149011612}