{"currentPoints":68.19966888427735,"currentTPS":1.0,"currentSPS":20.30000114440918}