{"currentPoints":26.700010299682618,"currentTPS":1.0,"currentSPS":0.10000000149011612}