{"currentPoints":482709.03125,"currentTPS":1.0,"currentSPS":7124.10009765625}