{"currentPoints":12881.3173828125,"currentTPS":1.0,"currentSPS":583.2000122070313}