{"currentPoints":8059.5400390625,"currentTPS":1.0,"currentSPS":1532.2000732421875}