{"currentPoints":36393.640625,"currentTPS":1.0,"currentSPS":462.70001220703127}