{"currentPoints":1852.8375244140625,"currentTPS":1.0,"currentSPS":116.10000610351563}