{"currentPoints":8569.8642578125,"currentTPS":1.0,"currentSPS":1580.300048828125}