{"currentPoints":114.85285949707031,"currentTPS":1.0,"currentSPS":25.900001525878908}