{"currentPoints":181.79840087890626,"currentTPS":1.0,"currentSPS":30.20000457763672}