{"currentPoints":7.59999942779541,"currentTPS":1.0,"currentSPS":0.10000000149011612}