{"currentPoints":2701.234375,"currentTPS":1.0,"currentSPS":462.70001220703127}