{"currentPoints":750.2683715820313,"currentTPS":1.0,"currentSPS":42.600006103515628}