{"currentPoints":0.20000000298023225,"currentTPS":1.0,"currentSPS":0.10000000149011612}