{"currentPoints":17.200000762939454,"currentTPS":1.0,"currentSPS":0.10000000149011612,"dataList":[{"instanceID":-22408}]}