{"currentPoints":129.80006408691407,"currentTPS":1.0,"currentSPS":1.4000002145767213}