{"currentPoints":241.49851989746095,"currentTPS":1.0,"currentSPS":16.200002670288087}