{"currentPoints":3.2999989986419679,"currentTPS":1.0,"currentSPS":0.10000000149011612,"dataList":[{"instanceID":-22408}]}