{"currentPoints":15.000020980834961,"currentTPS":1.0,"currentSPS":1.2999999523162842}