{"currentPoints":695.199462890625,"currentTPS":1.0,"currentSPS":20.30000114440918}