{"currentPoints":96.50030517578125,"currentTPS":1.0,"currentSPS":31.10000228881836}