{"currentPoints":164994.890625,"currentTPS":1.0,"currentSPS":334.9000244140625}