{"currentPoints":3729.2021484375,"currentTPS":1.0,"currentSPS":50.599998474121097}